{"cameraMode":{"drawMode":0,"name":"Shaded","section":"Shading Mode"},"sceneLighting":true,"audioPlay":false,"sceneViewState":{"m_AlwaysRefresh":false,"showFog":true,"showSkybox":true,"showFlares":true,"showImageEffects":true,"showParticleSystems":true,"showVisualEffectGraphs":true,"m_FxEnabled":true},"in2DMode":false,"pivot":{"x":0.38317716121673586,"y":-1.683682918548584,"z":-1.3141814470291138},"rotation":{"x":-0.21888495981693269,"y":0.03423817828297615,"z":-0.007685352582484484,"w":-0.9751201868057251},"size":4.184755325317383,"orthographic":false}