{"cameraMode":{"drawMode":0,"name":"Shaded","section":"Shading Mode"},"sceneLighting":true,"audioPlay":false,"sceneViewState":{"m_AlwaysRefresh":false,"showFog":true,"showSkybox":true,"showFlares":true,"showImageEffects":true,"showParticleSystems":true,"showVisualEffectGraphs":true,"m_FxEnabled":true},"in2DMode":false,"pivot":{"x":164.06704711914063,"y":129.99264526367188,"z":-214.14810180664063},"rotation":{"x":-0.2115875482559204,"y":0.31885382533073428,"z":-0.07325390726327896,"w":-0.9209789037704468},"size":17.922794342041017,"orthographic":true}